Test_ID,Predicted_Reference_Parameter,Validity_Label
TST-0278,32.9701,Invalid
TST-0006,18.9414,Valid
TST-0047,66.5027,Valid
TST-0311,25.2452,Valid
TST-0264,18.2479,Invalid
TST-0169,19.85,Valid
TST-0269,18.0209,Valid
TST-0178,14.2434,Invalid
TST-0206,32.4619,Valid
TST-0038,18.0079,Valid
TST-0213,14.5015,Invalid
TST-0309,16.2841,Valid
TST-0059,33.1787,Valid
TST-0159,18.0472,Valid
TST-0235,19.7852,Valid
TST-0230,21.1861,Valid
TST-0323,37.2448,Valid
TST-0262,18.6214,Valid
TST-0274,13.8056,Valid
TST-0214,49.5118,Valid
TST-0024,40.2226,Valid
TST-0234,17.278,Valid
TST-0333,22.1809,Valid
TST-0060,20.4835,Valid
TST-0226,36.2728,Valid
TST-0197,16.4608,Valid
TST-0346,41.3125,Valid
TST-0192,26.6692,Valid
TST-0141,29.2395,Valid
TST-0222,38.7471,Invalid
TST-0232,19.6318,Valid
TST-0085,23.845,Valid
TST-0237,32.5262,Valid
TST-0001,37.6925,Valid
TST-0069,16.3221,Valid
TST-0272,23.5708,Valid
TST-0343,33.4315,Valid
TST-0320,26.7678,Valid
TST-0008,30.0614,Invalid
TST-0144,23.1365,Valid
TST-0184,21.9725,Valid
TST-0107,63.0063,Valid
TST-0026,42.2407,Valid
TST-0164,42.4505,Valid
TST-0217,32.8783,Valid
TST-0332,31.0423,Invalid
TST-0279,24.1879,Valid
TST-0243,18.8288,Valid
TST-0163,20.3534,Valid
TST-0131,28.8595,Valid
TST-0070,16.0886,Valid
TST-0137,18.273,Valid
TST-0210,29.457,Valid
TST-0288,20.5884,Valid
TST-0248,18.1156,Valid
TST-0277,22.3758,Invalid
TST-0215,21.7277,Valid
TST-0138,16.1684,Valid
TST-0228,17.4597,Valid
TST-0252,48.7279,Valid
TST-0205,30.4617,Valid
TST-0348,22.655,Valid
TST-0177,22.5109,Valid
TST-0267,37.2338,Valid
TST-0308,23.2691,Valid
TST-0087,41.5826,Invalid
TST-0117,16.9704,Valid
TST-0014,18.6434,Valid
TST-0154,24.824,Valid
TST-0207,47.5731,Valid
TST-0187,21.8888,Valid
TST-0236,21.181,Valid
TST-0283,40.5365,Invalid
TST-0089,18.2629,Valid
TST-0202,23.5787,Valid
TST-0160,18.4772,Valid
TST-0036,26.7456,Valid
TST-0275,47.9946,Valid
TST-0023,34.027,Valid
TST-0091,43.2397,Valid
TST-0151,44.1107,Valid
TST-0310,22.189,Valid
TST-0239,14.9413,Valid
TST-0331,32.0318,Valid
TST-0316,13.458,Invalid
TST-0338,14.1919,Valid
TST-0019,19.9349,Valid
TST-0168,13.8427,Invalid
TST-0007,18.1957,Valid
TST-0211,32.0188,Valid
TST-0016,35.4377,Valid
TST-0027,19.4062,Invalid
TST-0031,16.9143,Invalid
TST-0249,28.6375,Valid
TST-0011,16.1443,Valid
TST-0080,23.448,Invalid
TST-0121,16.3115,Valid
TST-0266,19.6754,Valid
TST-0198,22.2344,Valid
TST-0067,31.8744,Valid
TST-0102,21.5487,Valid
TST-0005,37.1474,Valid
TST-0003,28.864,Valid
TST-0132,43.5824,Valid
TST-0029,26.8176,Valid
TST-0221,34.4691,Valid
TST-0099,17.3694,Valid
TST-0062,17.3581,Valid
TST-0095,26.5519,Valid
TST-0126,17.0798,Valid
TST-0034,50.1224,Valid
TST-0103,15.7787,Valid
TST-0245,23.2576,Valid
TST-0058,50.3261,Valid
TST-0065,26.1548,Valid
TST-0086,19.3485,Valid
TST-0342,20.4074,Valid
TST-0335,17.6976,Valid
TST-0180,18.2727,Invalid
TST-0294,24.1896,Invalid
TST-0072,20.6548,Valid
TST-0315,47.9931,Invalid
TST-0182,45.3327,Valid
TST-0200,21.586,Valid
TST-0030,16.6007,Valid
TST-0193,16.7997,Valid
TST-0231,21.1507,Valid
TST-0128,25.9322,Valid
TST-0165,28.2612,Invalid
TST-0074,13.9251,Valid
TST-0004,33.6163,Valid
TST-0157,23.7379,Valid
TST-0143,26.7038,Valid
TST-0179,42.5311,Valid
TST-0075,27.6157,Valid
TST-0233,23.7199,Valid
TST-0111,26.6399,Valid
TST-0350,21.3663,Valid
TST-0122,17.0446,Valid
TST-0076,22.1982,Valid
TST-0304,26.7678,Valid
TST-0190,28.6183,Valid
TST-0061,16.9643,Valid
TST-0009,25.9741,Valid
TST-0194,44.9164,Valid
TST-0156,15.1131,Invalid
TST-0088,32.5326,Valid
TST-0256,47.5605,Valid
TST-0329,16.4653,Valid
TST-0219,42.6752,Valid
TST-0306,14.1499,Valid
TST-0324,22.5829,Valid
TST-0113,21.6122,Valid
TST-0135,16.0189,Valid
TST-0339,17.5473,Valid
TST-0260,22.3771,Valid
TST-0195,26.5004,Valid
TST-0286,28.5612,Valid
TST-0015,25.8785,Valid
TST-0263,19.5021,Valid
TST-0147,24.2239,Valid
TST-0002,23.3632,Invalid
TST-0114,45.8201,Valid
TST-0271,30.199,Invalid
TST-0223,21.7464,Valid
TST-0344,16.0787,Valid
TST-0183,31.2994,Valid
TST-0327,32.3343,Valid
TST-0250,20.0515,Invalid
TST-0185,38.7276,Valid
TST-0242,21.2593,Valid
TST-0158,12.9349,Valid
TST-0078,45.3186,Valid
TST-0120,22.7793,Invalid
TST-0093,29.2498,Valid
TST-0051,15.9646,Valid
TST-0010,15.7978,Valid
TST-0013,51.7397,Valid
TST-0049,14.894,Valid
TST-0041,17.3334,Valid
TST-0055,31.6432,Valid
TST-0012,20.4591,Valid
TST-0127,49.0452,Valid
TST-0225,26.7996,Valid
TST-0050,22.3384,Valid
TST-0172,38.3629,Invalid
TST-0079,33.2205,Valid
TST-0046,21.8548,Valid
TST-0325,18.0849,Valid
TST-0280,20.8518,Valid
TST-0140,14.967,Valid
TST-0244,47.9931,Invalid
TST-0203,20.9164,Valid
TST-0238,18.4641,Valid
TST-0092,28.4121,Valid
TST-0307,14.041,Valid
TST-0176,28.4142,Valid
TST-0115,17.751,Invalid
TST-0028,18.5343,Invalid
TST-0317,19.1007,Valid
TST-0251,38.0164,Valid
TST-0301,14.4724,Valid
TST-0116,37.6938,Valid
TST-0056,24.3591,Valid
TST-0166,26.7258,Valid
TST-0247,32.283,Valid
TST-0291,27.5687,Valid
TST-0167,30.2146,Invalid
TST-0313,48.4252,Valid
TST-0105,14.0094,Valid
TST-0104,20.7615,Valid
TST-0045,34.8467,Valid
TST-0289,43.747,Valid
TST-0048,26.4075,Valid
TST-0110,18.3231,Valid
TST-0037,43.4362,Invalid
TST-0305,18.6961,Valid
TST-0240,32.5338,Valid
TST-0155,34.1808,Valid
TST-0119,53.2789,Valid
TST-0295,24.0576,Valid
TST-0229,18.7177,Valid
TST-0106,21.3822,Valid
TST-0052,15.7795,Valid
TST-0276,21.5646,Invalid
TST-0216,21.616,Valid
TST-0208,20.3768,Valid
TST-0188,21.645,Valid
TST-0145,49.4771,Valid
TST-0039,21.4259,Valid
TST-0173,18.7487,Valid
TST-0082,20.4251,Valid
TST-0296,36.6147,Valid
TST-0297,32.3256,Valid
TST-0125,17.5328,Valid
TST-0199,21.5549,Invalid
TST-0330,21.6107,Valid
TST-0133,35.1577,Valid
TST-0175,31.151,Valid
TST-0270,45.7392,Valid
TST-0255,16.9331,Valid
TST-0025,13.7041,Valid
TST-0073,14.0591,Valid
TST-0077,20.6958,Valid
TST-0293,14.6021,Valid
TST-0212,33.4554,Invalid
TST-0081,13.9336,Valid
TST-0328,19.7879,Valid
TST-0290,49.3143,Invalid
TST-0337,16.6717,Valid
TST-0171,23.3488,Valid
TST-0057,29.6209,Valid
TST-0284,19.5204,Valid
TST-0063,24.8914,Invalid
TST-0022,21.7504,Valid
TST-0044,17.6865,Valid
TST-0035,24.2213,Valid
TST-0258,44.2453,Invalid
TST-0334,27.1616,Valid
TST-0018,27.5049,Valid
TST-0321,21.6223,Valid
TST-0282,14.6841,Valid
TST-0142,46.6646,Invalid
TST-0312,23.7608,Valid
TST-0101,22.2311,Valid
TST-0134,16.9806,Invalid
TST-0287,31.8453,Valid
TST-0153,32.036,Valid
TST-0299,30.9346,Valid
TST-0204,23.448,Invalid
TST-0090,19.8565,Valid
TST-0186,33.6809,Valid
TST-0209,48.4705,Valid
TST-0130,20.6528,Valid
TST-0224,22.8872,Valid
TST-0302,29.1376,Valid
TST-0118,15.6178,Valid
TST-0292,20.3421,Valid
TST-0345,22.3758,Invalid
TST-0108,28.1996,Valid
TST-0071,15.4859,Valid
TST-0053,16.0032,Valid
TST-0273,17.2317,Valid
TST-0300,15.0259,Valid
TST-0148,19.1976,Valid
TST-0347,38.9357,Valid
TST-0146,28.2612,Invalid
TST-0241,18.4369,Valid
TST-0096,17.0725,Valid
TST-0220,23.234,Valid
TST-0174,22.1671,Valid
TST-0246,14.9415,Valid
TST-0136,18.8728,Valid
TST-0109,21.4879,Valid
TST-0040,38.1756,Valid
TST-0043,21.2429,Invalid
TST-0181,36.8725,Valid
TST-0268,17.3556,Valid
TST-0253,16.0224,Valid
TST-0017,24.8448,Valid
TST-0201,23.1856,Valid
TST-0129,16.5221,Valid
TST-0068,47.4808,Valid
TST-0161,15.0261,Valid
TST-0298,20.525,Invalid
TST-0094,43.3745,Valid
TST-0336,27.1092,Invalid
TST-0149,19.9061,Valid
TST-0191,48.8365,Valid
TST-0032,18.2073,Valid
TST-0054,16.1902,Valid
TST-0349,58.1954,Valid
TST-0100,17.6594,Valid
TST-0162,19.4342,Valid
TST-0326,23.1959,Invalid
TST-0340,19.5893,Valid
TST-0319,29.0308,Valid
TST-0064,18.6333,Valid
TST-0259,28.7044,Valid
TST-0066,43.7073,Valid
TST-0123,47.9064,Valid
TST-0218,20.6018,Valid
TST-0261,22.9971,Valid
TST-0196,20.848,Valid
TST-0281,23.8636,Invalid
TST-0303,37.628,Valid
TST-0254,22.8156,Valid
TST-0322,18.1979,Valid
TST-0139,17.103,Valid
TST-0257,37.4219,Valid
TST-0033,16.6692,Valid
TST-0112,50.1978,Valid
TST-0021,24.0443,Valid
TST-0083,17.9908,Valid
TST-0150,25.1295,Valid
TST-0265,23.8746,Valid
TST-0227,33.7457,Valid
TST-0170,24.8767,Valid
TST-0318,30.7143,Valid
TST-0097,16.4365,Valid
TST-0152,34.2539,Valid
TST-0084,58.1738,Valid
TST-0124,16.6317,Valid
TST-0098,32.8948,Valid
TST-0341,29.8377,Valid
TST-0042,31.6027,Valid
TST-0189,19.5221,Valid
TST-0285,23.1017,Valid
TST-0020,21.9766,Valid
TST-0314,44.068,Valid
